{
    "B": [
        0.0,
        0.0,
        -1.0
    ],
    "driver": "energy",
    "model": "UHF",
    "return_energy": -2.650585260662382,
    "scf_eigenvalues_a": {
        "dims": [
            1
        ],
        "size": 1,
        "vals": [
            -1.2986452521862109
        ]
    },
    "scf_eigenvalues_b": {
        "dims": [
            1
        ],
        "size": 1,
        "vals": [
            -0.19209963781869333
        ]
    },
    "time": "2023-01-20 22:08:20",
    "wall_time": 13.83008599281311
}