{
    "B": [
        0.0,
        0.0,
        -1.0
    ],
    "driver": "energy",
    "model": "UHF",
    "return_energy": -2.6727709985264108,
    "scf_eigenvalues_a": {
        "dims": [
            1
        ],
        "size": 1,
        "vals": [
            -1.1967516543545087
        ]
    },
    "scf_eigenvalues_b": {
        "dims": [
            1
        ],
        "size": 1,
        "vals": [
            -0.14163878297274543
        ]
    },
    "time": "2023-01-21 23:49:19",
    "wall_time": 14.747344970703125
}