{
    "tasks": [
        {
            "convergence_info": {
                "converged_for_dconv": 0.001,
                "converged_for_thresh": 1e-05
            },
            "metadata": {
                "elapsed_time": 56.921279191970825,
                "finished_at": "2025-07-15 22:45:43",
                "git_hash": "",
                "host": "Darwin",
                "mpi_size": 1,
                "nthreads": 7
            },
            "model": "scf",
            "properties": {
                "dipole": {
                    "dims": [
                        3
                    ],
                    "ndim": 1,
                    "size": 3,
                    "vals": [
                        1.218178753158016e-07,
                        -8.58706464685227e-11,
                        -0.7613248428333097
                    ]
                },
                "energy": -76.06815566895293,
                "gradient": {
                    "dims": [
                        9
                    ],
                    "ndim": 1,
                    "size": 9,
                    "vals": [
                        6.695105980725202e-07,
                        1.616333733522879e-10,
                        4.2030544853410845e-06,
                        1.880763264572316e-08,
                        0.0026628468400216043,
                        -0.0014033281373644346,
                        1.909130056820807e-08,
                        -0.0026628468457334797,
                        -0.001403328174234053
                    ]
                }
            },
            "scf_eigenvalues_a": {
                "dims": [
                    5
                ],
                "ndim": 1,
                "size": 5,
                "vals": [
                    -20.555010021402936,
                    -1.0138242410751501,
                    -1.0138242373742112,
                    -0.65089674628347,
                    -0.51116651973582
                ]
            },
            "scf_fock_a": {
                "ndim": -1,
                "size": 0
            },
            "scf_total_energy": -76.06815566895293
        }
    ]
}