{
    "tasks": [
        {
            "convergence_info": {
                "converged_for_dconv": 10000000000.0,
                "converged_for_thresh": 10000000000.0
            },
            "metadata": {
                "elapsed_time": 5.691084861755371,
                "finished_at": "2025-07-16 13:08:14",
                "git_hash": "",
                "host": "Darwin",
                "mpi_size": 1,
                "nthreads": 7
            },
            "model": "scf",
            "properties": {
                "dipole": {
                    "dims": [
                        3
                    ],
                    "ndim": 1,
                    "size": 3,
                    "vals": [
                        -1.5672231277469978e-13,
                        -1.614650230557672e-13,
                        -1.7217274790969365e-13
                    ]
                },
                "energy": 0.0,
                "gradient": {
                    "dims": [
                        3
                    ],
                    "ndim": 1,
                    "size": 3,
                    "vals": [
                        1.2789769243681803e-13,
                        1.4432899320127035e-13,
                        1.4344081478157023e-13
                    ]
                }
            },
            "scf_eigenvalues_a": {
                "dims": [
                    2
                ],
                "ndim": 1,
                "size": 2,
                "vals": [
                    -4.731045641579666,
                    -0.30985913998280434
                ]
            },
            "scf_fock_a": {
                "ndim": -1,
                "size": 0
            },
            "scf_total_energy": 0.0
        },
        {
            "E_kin_HF": 14.570875815784678,
            "E_kin_KS": 14.912480723647406,
            "Econv": -14.560675033137242,
            "Ex_HF": -2.6667029762744154,
            "Ex_conv": -2.710062982355956,
            "Ex_vir": -3.0614011732628263,
            "devir14": -0.35133819090687046,
            "devir17": 0.288511618737044,
            "drho": 0.1961223808378545,
            "model": "oaep",
            "properties": {
                "dipole": {
                    "dims": [
                        3
                    ],
                    "ndim": 1,
                    "size": 3,
                    "vals": [
                        -1.5330683074539425e-13,
                        -1.6089912746433457e-13,
                        -1.5503369616374838e-13
                    ]
                },
                "energy": -14.560675033137242,
                "gradient": {
                    "dims": [
                        3
                    ],
                    "ndim": 1,
                    "size": 3,
                    "vals": [
                        1.283417816466681e-13,
                        1.887379141862766e-13,
                        2.6201263381153694e-13
                    ]
                }
            },
            "scf_eigenvalues_a": {
                "dims": [
                    2
                ],
                "ndim": 1,
                "size": 2,
                "vals": [
                    -4.622066373578523,
                    -0.32292145055465227
                ]
            },
            "scf_fock_a": {
                "ndim": -1,
                "size": 0
            },
            "scf_total_energy": -14.560675033137242
        }
    ]
}