{
    "tasks": [
        {
            "convergence_info": {
                "converged_for_dconv": 0.0001,
                "converged_for_thresh": 1e-05
            },
            "metadata": {
                "elapsed_time": 47.0487539768219,
                "finished_at": "2025-07-15 15:46:55",
                "git_hash": "",
                "host": "Darwin",
                "mpi_size": 1,
                "nthreads": 7
            },
            "model": "scf",
            "properties": {
                "dipole": {
                    "dims": [
                        3
                    ],
                    "ndim": 1,
                    "size": 3,
                    "vals": [
                        2.2136581284166967e-13,
                        3.013978772557204e-14,
                        -0.7612311103140021
                    ]
                },
                "energy": -76.06815384149371,
                "gradient": {
                    "dims": [
                        9
                    ],
                    "ndim": 1,
                    "size": 9,
                    "vals": [
                        -1.4154011296341196e-11,
                        -1.0738077094174514e-12,
                        0.000861426462419157,
                        4.748423876321795e-13,
                        0.0026413967174709896,
                        -0.0013889751516391602,
                        4.722333635243103e-13,
                        -0.0026413967174794273,
                        -0.0013889751516418247
                    ]
                }
            },
            "scf_eigenvalues_a": {
                "dims": [
                    5
                ],
                "ndim": 1,
                "size": 5,
                "vals": [
                    -20.560364804240315,
                    -1.3591645132415697,
                    -0.7302000748742543,
                    -0.5839566073111914,
                    -0.5112105265807261
                ]
            },
            "scf_fock_a": {
                "ndim": -1,
                "size": 0
            },
            "scf_total_energy": -76.06815384149371
        },
        {
            "excitations": [
                {
                    "current_error": 0.001299072709528596,
                    "irrep": "b1",
                    "omega": 0.32341641226209394,
                    "oscillator_strength_length": 0.04860732190197958,
                    "oscillator_strength_velocity": 0.06652912114149519
                }
            ],
            "model": "cis",
            "nfreeze": 1
        }
    ]
}