{
    "tasks": [
        {
            "convergence_info": {
                "converged_for_dconv": 10000000000.0,
                "converged_for_thresh": 1e-05
            },
            "metadata": {
                "elapsed_time": 1.7835369110107422,
                "finished_at": "2025-07-15 21:32:35",
                "git_hash": "",
                "host": "Darwin",
                "mpi_size": 1,
                "nthreads": 7
            },
            "model": "scf",
            "properties": {
                "dipole": {
                    "dims": [
                        3
                    ],
                    "ndim": 1,
                    "size": 3,
                    "vals": [
                        2.7882627551641334e-13,
                        -5.574514678820888e-15,
                        -0.7612311103067814
                    ]
                },
                "energy": -76.06798203629984,
                "gradient": {
                    "dims": [
                        9
                    ],
                    "ndim": 1,
                    "size": 9,
                    "vals": [
                        -1.4225065569917206e-11,
                        -1.1723955140041653e-13,
                        0.0008191486296431627,
                        4.662381591913345e-13,
                        0.002641399686707402,
                        -0.00138947049409599,
                        4.666822484011846e-13,
                        -0.002641399686722057,
                        -0.0013894704940982106
                    ]
                }
            },
            "scf_eigenvalues_a": {
                "dims": [
                    5
                ],
                "ndim": 1,
                "size": 5,
                "vals": [
                    -20.560364804240912,
                    -1.3591645132418102,
                    -0.7302000748746127,
                    -0.5839566073114392,
                    -0.5112105265807045
                ]
            },
            "scf_fock_a": {
                "ndim": -1,
                "size": 0
            },
            "scf_total_energy": -76.06798203629984
        },
        {
            "excitations": [
                {
                    "current_error": 0.0005954436996390762,
                    "irrep": "a2",
                    "omega": 0.38421835666198123,
                    "oscillator_strength_length": 1.1366542677552646e-25,
                    "oscillator_strength_velocity": 4.669598038963084e-27
                }
            ],
            "model": "cis",
            "nfreeze": 1
        }
    ]
}